user_input,retrieved_contexts,response,reference,faithfulness,answer_relevancy,context_precision
When was BrightLeaf Technologies founded and by whom?,"['Company Profile: BrightLeaf Technologies\nBrightLeaf Technologies is a fictional software company created for testing a Retrieval-Augmented\nGeneration ', 'Technology Officer is Rohan Verma, who joined the company in 2019.\nFuture Plans\nBrightLeaf Technologies plans to launch a new product called LeafAnaly', 'customers.\nFinancials\nIn the fiscal year 2025, BrightLeaf Technologies reported total revenue of 18.4 million dollars, which\nwas a 22 percent increase']",BrightLeaf Technologies was founded in the year 2016 by Ananya Sharma.,BrightLeaf Technologies was founded in 2016 by Ananya Sharma.,0.0,0.9835803406506426,0.0
Where is the company headquarters located?,"['Company Profile: BrightLeaf Technologies\nBrightLeaf Technologies is a fictional software company created for testing a Retrieval-Augmented\nGeneration ', 'is located in Pune, Maharashtra, India.\nThe company currently has 342 employees working across three offices: Pune, Bengaluru, and Berlin.\nProducts\nBr', 'Technology Officer is Rohan Verma, who joined the company in 2019.\nFuture Plans\nBrightLeaf Technologies plans to launch a new product called LeafAnaly']","The company headquarters of BrightLeaf Technologies is located in Pune, Maharashtra, India.","The company headquarters is located in Pune, Maharashtra, India.",1.0,0.7397174775383326,
How many employees does the company have?,"['is located in Pune, Maharashtra, India.\nThe company currently has 342 employees working across three offices: Pune, Bengaluru, and Berlin.\nProducts\nBr', 'customers.\nFinancials\nIn the fiscal year 2025, BrightLeaf Technologies reported total revenue of 18.4 million dollars, which\nwas a 22 percent increase', 'Technology Officer is Rohan Verma, who joined the company in 2019.\nFuture Plans\nBrightLeaf Technologies plans to launch a new product called LeafAnaly']",The company has 342 employees working across three offices.,The company has 342 employees.,1.0,0.9999999999999998,0.9999999999
What was the total revenue in fiscal year 2025?,"['customers.\nFinancials\nIn the fiscal year 2025, BrightLeaf Technologies reported total revenue of 18.4 million dollars, which\nwas a 22 percent increase', 'Technology Officer is Rohan Verma, who joined the company in 2019.\nFuture Plans\nBrightLeaf Technologies plans to launch a new product called LeafAnaly', 'is located in Pune, Maharashtra, India.\nThe company currently has 342 employees working across three offices: Pune, Bengaluru, and Berlin.\nProducts\nBr']",The total revenue in fiscal year 2025 was 18.4 million dollars.,The total revenue in fiscal year 2025 was 18.4 million dollars.,1.0,1.0000000000000002,0.9999999999
Who is the CTO and when did they join?,"['Technology Officer is Rohan Verma, who joined the company in 2019.\nFuture Plans\nBrightLeaf Technologies plans to launch a new product called LeafAnaly', 'Company Profile: BrightLeaf Technologies\nBrightLeaf Technologies is a fictional software company created for testing a Retrieval-Augmented\nGeneration ', 'is located in Pune, Maharashtra, India.\nThe company currently has 342 employees working across three offices: Pune, Bengaluru, and Berlin.\nProducts\nBr']","I don't know. The text does not mention the position or name of the Chief Technical Officer (CTO) or when they joined the company. It only mentions that Rohan Verma is the Technology Officer, but it does not specify if he is also the CTO, and the year of his joining is mentioned as 2019.",Rohan Verma is the CTO and joined the company in 2019.,1.0,0.8622947127188944,0.9999999999
What products does BrightLeaf Technologies make?,"['Company Profile: BrightLeaf Technologies\nBrightLeaf Technologies is a fictional software company created for testing a Retrieval-Augmented\nGeneration ', 'is located in Pune, Maharashtra, India.\nThe company currently has 342 employees working across three offices: Pune, Bengaluru, and Berlin.\nProducts\nBr', 'Technology Officer is Rohan Verma, who joined the company in 2019.\nFuture Plans\nBrightLeaf Technologies plans to launch a new product called LeafAnaly']","BrightLeaf Technologies makes three main products: 

1. LeafCRM (a customer relationship management tool)
2. LeafPay (a payment processing gateway)
3. LeafDesk (a helpdesk and ticketing software)","BrightLeaf Technologies makes LeafCRM, LeafPay, and LeafDesk.",0.0,0.9170490122087639,0.0
What are the company's future plans?,"['Technology Officer is Rohan Verma, who joined the company in 2019.\nFuture Plans\nBrightLeaf Technologies plans to launch a new product called LeafAnaly', 'customers.\nFinancials\nIn the fiscal year 2025, BrightLeaf Technologies reported total revenue of 18.4 million dollars, which\nwas a 22 percent increase', 'Company Profile: BrightLeaf Technologies\nBrightLeaf Technologies is a fictional software company created for testing a Retrieval-Augmented\nGeneration ']","According to the context, the company's future plans include:

1. Launching a new product called LeafAnalytics in 2027.
2. Opening a new office in Singapore by 2028.",The company plans to launch LeafAnalytics in 2027 and open a Singapore office by 2028.,0.16666666666666666,1.0,0.0
